K,n,error,error.ssc
2,64,0.2925619834710744,0
2,64,0.23809523809523814,0.39583333333333337
2,64,0.2381479742360748,0.791676987862274
2,64,0.3959268534706799,0.18157978666855668
2,64,0.23811984538746145,0.44446587894863754
2,64,0.34504249291784694,0.44400396432111
2,64,0.44449037805659475,0.971425059915197
2,64,0.2926587301587301,0.23809523809523814
2,64,0.535183349851338,0.4445074415308292
2,64,0.4442280280829741,0.3452737758118192
2,64,0.18154761904761907,0.2926587301587301
2,64,0.44545454545454544,0.3466135458167331
2,64,0.29268292682926833,0.3955296977707494
2,64,0.5348851606512722,0.34519223104923347
2,64,0.49056930264751686,0.8276015142360383
2,64,0.728650332814049,0.9423269093504639
2,64,0.8439780485798559,0.06251107409901135
2,64,0.23816485473538718,0.6943521888921362
2,64,0.34515962392809174,0.06259758694109296
2,64,0.6191646191646192,0.8174637999122422
2,64,0.4444444444444444,0.18154761904761907
2,64,0.8468141300759326,0.39586606035551886
2,64,0.5814977973568283,0.9907023315691604
2,64,0.8454882571075402,0.7901112484548826
2,64,0.4910714285714286,0.18154761904761907
2,64,0.34523809523809523,0.6190476190476191
2,64,0.8197762132260498,0.9816573861775302
2,64,0.18152832394515883,0.762614038354124
2,64,0.06251107409901135,0.49072369352782885
2,64,0.7919603524229075,0.9656652360515021
2,64,0.9290967310602062,0.3452737758118192
2,64,0.5349056603773584,0.06251107409901135
2,64,0.34733840304182506,0.9234848484848486
2,64,0.6924816280384398,0.4441087613293051
2,64,0.2926587301587301,0.4444444444444444
2,64,0.29262762603181347,0.4444168888337776
2,64,0.18154761904761907,0.7926587301587301
2,64,0.49063876651982374,0.3452737758118192
2,64,0.3956277444638556,0.3958769705655385
2,64,0.3452737758118192,0.49115843934937453
2,64,0.8174637999122422,0.4910018421425535
2,64,0.7926587301587301,0.3450835645964315
2,64,0.8214285714285714,0.9738754057814191
2,64,0.7890708583655667,0.238063607620161
2,64,0.3962826333711691,0.4444168888337776
2,64,0.5376191153463235,0.292572346127962
2,64,0.5359252666236077,0.940570193666362
2,64,0.0625,0.7926587301587301
2,64,0.4911120297643654,0.9298820214826553
2,64,0.4444444444444444,0.7602885023334748
2,64,0.536707872247908,0.6190969730792739
2,64,0.34504249291784694,0.9222433460076045
2,64,0.3958769705655385,0.9099606077658977
2,64,0.18156763311652524,0.23810672086534157
2,64,0.6192286223120066,0.29254471400743753
2,64,0.34515962392809174,0.18156763311652524
2,64,0.9994322941272218,0.8499710048877475
2,64,0.849568827850527,0.4910192369008396
2,64,0.8216687488370857,0.9715984565753685
2,64,0.9581900853942553,0.39702903443619175
2,64,0.12303912303912301,0.4441087613293051
2,64,0.6569234580133763,0.06250516742455559
2,64,0.8677685950413223,0.8174637999122422
2,64,0.9345592977709261,0.49056930264751686
2,64,0.9120215737941852,0.5348851606512722
2,64,0.9188886817079993,0.2926587301587301
2,64,0.9890085176960054,0.993441259118645
2,64,0.6941336069468451,0.3452547452547452
2,64,0.2926587301587301,0.2926587301587301
2,64,0.39583333333333337,0.8482142857142857
2,64,0.2382324006700286,0.9851087383494626
2,64,0.4441231747867572,0.9872625452948282
2,64,0.5349056603773584,0.9985360426304386
2,64,0.9620354273363718,0.49056930264751686
2,64,0.39583333333333337,0.9672619047619048
2,64,0.23809523809523814,0.5783730158730158
2,64,0.3992994746059545,0.5393370648577789
2,64,0.3452737758118192,0.657357679914071
2,64,0.5782022976020402,0.34531456264230853
2,64,0,0.3958769705655385
2,64,0.18245264207377865,0.985234899328859
2,64,0.6559949114809711,0.789860189238808
2,64,0.3959268534706799,0.3959268534706799
2,64,0.8685919750420812,0.2927278741199263
2,64,0.7595611848127795,0.49072369352782885
2,64,0.6184340931615461,0.12303912303912301
2,64,0.4908163747107984,0.987218943480937
2,64,0.12303912303912301,0.8919986829107672
2,64,0.2941176470588235,0.9431818181818182
2,64,0.06251476633747577,0.34519223104923347
2,64,0.8181312912987093,0.34531456264230853
2,64,0.8958333333333334,0.9166666666666666
2,64,0.657792476229847,0.6181575525760004
2,64,0.49088011333451387,0.06259758694109296
2,64,0.39586606035551886,0.9591848685366282
2,64,0.789860189238808,0.4904632152588556
2,64,0.9317195384452521,0.7268232385661311
2,64,0.5781818181818182,0.8566725511713345
2,64,0.5772821576763485,0.44438540089096723
2,128,0.26350844768364334,0.18010582045177936
2,128,0.18012719506798047,0.9896325935371345
2,128,0.31669541953801805,0.15133464103798067
2,128,0.4169891125482217,0.4407852062685331
2,128,0.9073651764287145,0.9948691387696124
2,128,0.31666803900010176,0.12205055472240633
2,128,0.34251157646296093,0.0922777341819978
2,128,0.26354520882378585,0.41709535850263024
2,128,0.5528772988603174,0.12204843383072173
2,128,0.7403259544160097,0.09228008094488993
2,128,0.8266889638572851,0.12205251310248144
2,128,0.5314672308371888,0.7703509358749526
2,128,0.36782934144424817,0.29036363087019657
2,128,0.5735349793322211,0.29035236175277035
2,128,0.2084137895959245,0.29035320558773947
2,128,0.46408977797573514,0.06201123813214493
2,128,0.6143065331307556,0.3425090672370501
2,128,0.1513284836078973,0.909992739708367
2,128,0.7385879055406084,0.12205303781121424
2,128,0.34248238047281454,0.09227424778323834
2,128,0.6135034154809978,0.8750113176988528
2,128,0.6140399814039982,0.9988263693082534
2,128,0.26353525166892877,0.2084199981980812
2,128,0.6143023664803364,0.26354220883254975
2,128,0.7545897390101297,0.1513378299040684
2,128,0.5942388158817278,0.3425306560773844
2,128,0.573611105478917,0.18012047678479604
2,128,0.0925895548775375,0.4207743467701345
2,128,0.31665300856101686,0.23620582765034104
2,128,0.44095214383490644,0.12204641646557124
2,128,0.031268871779014384,0.1513461875700609
2,128,0.6525546299731755,0.9958992739757395
2,128,0.20845129922350825,0.41723279095234866
2,128,0.6889950669813258,0.34251835777807915
2,128,0.594052789842967,0.5737972535586517
2,128,0.4409357247043385,0.23622357611120792
2,128,0.20842464227240587,0.26354520882378585
2,128,0.06201123813214493,0.0922777341819978
2,128,0.06201148219496844,0.968816819087653
2,128,0.23623328812245692,0.6335595746272975
2,128,0.12241487942637463,0.2642077054024937
2,128,0.6329493669538593,0.41709535850263024
2,128,0.46433616024459856,0.2635298904356418
2,128,0.2634923679094785,0.3166689592774208
2,128,0.4409308125516942,0.34250875617854815
2,128,0.18010582045177936,0.03125069630596966
2,128,0.5528772988603174,0.5941494570507848
2,128,0.5312161115414407,0.1801229960822609
2,128,0.31702919809257624,0.3166567660370221
2,128,0.46431456886279754,0.4170760645778634
2,128,0.5942250001997993,0.29035941144141486
2,128,0.574297116476127,0.18011236316285717
2,128,0.29035320558773947,0.5941310418238577
2,128,0.8393043478260869,0.20841782766909467
2,128,0.2902992100359145,0.20841782766909467
2,128,0.2903208620898414,0.2902992100359145
2,128,0.5953136555001077,0.9874523618395928
2,128,0.4408712347193555,0.2635176370072012
2,128,0.3678467119698151,0.1801229960822609
2,128,0.8263041710235854,0.062010551011744575
2,128,0.7387550728608263,0.2084199981980812
2,128,0.20842348123442211,0.15133464103798067
2,128,0.2084216135048076,0.738536306129119
2,128,0.4409931569559644,0.9974401144082945
2,128,0.652302219523696,0.1513297663645109
2,128,0.06200955602831937,0.9080694586312563
2,128,0.39264162585619067,0.06200986015194032
2,128,0.3926073780946653,0.06201081759763305
2,128,0.3925743243329124,0.15133328489428177
2,128,0.688314906005141,0.2903588312795474
2,128,0.18025501419330825,0.2085412157230333
2,128,0.36774384892412915,0.15133669362602808
2,128,0.1801258862722106,0.12204884765745738
2,128,0.5334022965932215,0.5096992847472416
2,128,0.3678477809788221,0.263539336564516
2,128,0.4170647516930268,0.36785357155225673
2,128,0.5314347984017436,0.5734611288604898
2,128,0.7704761593753289,0.23622277515623546
2,128,0.39273348974104927,0.23622357611120792
2,128,0.3925674576428755,0.1801278821933734
2,128,0.26353148601798715,0.2635473152414245
2,128,0.9879725834968152,0.2361987490324723
2,128,0.5095817703576747,0.9997539975399754
2,128,0.2084216135048076,0.09227847172318782
2,128,0.6883415536852211,0.3425289761564305
2,128,0.6334049571770117,0.3166739442058558
2,128,0.031251642423586246,0.09227847172318782
2,128,0.3166426567924696,0.2634998332748524
2,128,0.20842787305487143,0.9955811092420095
2,128,0.6367397522794684,0.18020120568338216
2,128,0.3926419823875589,0.06201081759763305
2,128,0.6709838787486607,0.23622803867405828
2,128,0.20845129922350825,0.9879920570026867
2,128,0.18012859113776547,0.09227847172318782
2,128,0.2635176370072012,0.12205251310248144
2,128,0.6135265700483092,0.487140543514479
2,128,0.46442794602419724,0.6141688032033974
2,128,0.8394288935260504,0.3927040049288526
2,128,0.15132760401593104,0.6710802533052852
2,128,0.5095817703576746,0.1513284836078973
2,256,0.0769000502995173,0.06176527566501733
2,256,0.6410987068732303,0.9871907417252933
2,256,0.5610998534438665,0.40337009803921564
2,256,0.06176493059391874,0.2759186245326869
2,256,0.0465079675937663,0.1794083158724361
2,256,0.4273645013276637,0.015625064062537386
2,256,0.061765373760529374,0.06176559638979806
2,256,0.12156764155423339,0.046507761543644666
2,256,0.5507109781953472,0.36642403399484613
2,256,0.4153594340214187,0.0617654182862547
2,256,0.4625526996890922,0.06176511982597921
2,256,0.046507459805744,0.341176143941345
2,256,0.4853342647829324,0.15073920603475865
2,256,0.12156761279915163,0.9576857783248091
2,256,0.4738202553069436,0.15073326183460367
2,256,0.6309091433183444,0.09191234445863183
2,256,0.2624990065457149,0.31543480956266745
2,256,0.12157448154227712,0.9979087377117967
2,256,0.16513575874163655,0.07689904900277911
2,256,0.32834990459109326,0.13621413744765554
2,256,0.1068010615768169,0.09191270922348505
2,256,0.076899631068298,0.06176509547620057
2,256,0.48534241638111764,0.01562512038168551
2,256,0.07689990247090717,0.20759429796896678
2,256,0.1216089026745123,0.16513480392156865
2,256,0.6860988057953008,0.12156939427061697
2,256,0.4391092237731389,0.13621323529411766
2,256,0.4508801141769744,0
2,256,0.15073529411764708,0.13621222268703392
2,256,0.48517923973653654,0.27592024891610134
2,256,0.5505320988793063,0.09191282483073626
2,256,0.5611362519874883,0.4033503804803371
2,256,0.6948514413514789,0.07689937237142397
2,256,0.5074414013885317,0.15073468799240808
2,256,0.5075468162094368,0.16513575874163655
2,256,0.5399930129361578,0.5816646712089231
2,256,0.3788039732414352,0.09191280861119389
2,256,0.5184576972703051,0.061765373760529374
2,256,0.2759191176470588,0.13621369557504182
2,256,0.16513161217463135,0.9947541901107193
2,256,0.640625,0.15073529411764708
2,256,0.5185238212006273,0.04650742627955229
2,256,0.45086873943583294,0.20759624340043192
2,256,0.6116553924696873,0.3411774748712195
2,256,0.1362140228878138,0.04650762184968538
2,256,0.28918900216819676,0.17941176470588238
2,256,0.07690060119707764,0.9938375398696436
2,256,0.561053351064848,0.9992090740774029
2,256,0.550686895969771,0.3663893678125535
2,256,0.35380907635153924,0.01562523654121062
2,256,0.046507880982645244,0.31540648491199486
2,256,0.6019525310516781,0.20760017256611163
2,256,0.4738202553069436,0.19356452819997882
2,256,0.046507459805744,0.19356558343877628
2,256,0.1068024089203855,0.01562519359718495
2,256,0.06176501755703789,0.2215086337109522
2,256,0.17941030971310246,0.19356369099391157
2,256,0.5819806475164915,0.9959005464431478
2,256,0.6860988057953008,0.09191176470588236
2,256,0.6310640110665958,0.341176143941345
2,256,0.8242186403594994,0.06176527566501733
2,256,0.4509596518393806,0.09191099758000376
2,256,0.13621267886977584,0.12156813860851123
2,256,0.40337175185758267,0.12156832483375024
2,256,0.16513536193195577,0.031127899767874445
2,256,0.5505696430671678,0.5916262499698137
2,256,0.42735140922573567,0.3283729830202786
2,256,0.19356251368513244,0.07690193516411725
2,256,0.1651341715143554,0.04650801299488594
2,256,0.015625,0.04650726982463016
2,256,0.5399725581661616,0.04650735294117647
2,256,0.4273356997622083,0.1068010615768169
2,256,0.3023925397224744,0.3023942836504878
2,256,0.4852628966886322,0.2759186245326869
2,256,0.40331912710173734,0.16513480392156865
2,256,0.16513589762547543,0.19356648170896684
2,256,0.529209351999916,0
2,256,0.19356251368513244,0.3538653162654368
2,256,0.4273897058823529,0.3411764705882353
2,256,0.0768993538931424,0.4852787854244035
2,256,0.5076038939318792,0.3154336726418705
2,256,0.8798406862745098,0.07689950980392157
2,256,0.46237302303341965,0.12156905878583568
2,256,0.6950367647058824,0.9991027619120635
2,256,0.6116553924696873,0.12156939427061697
2,256,0.6500740644279133,0.19356583053492293
2,256,0.7679980891913569,0.031127701668679397
2,256,0.01562519359718495,0.927144080047544
2,256,0.09191204940497932,0.42738778029582836
2,256,0.061764705882352944,0.3788602941176471
2,256,0.2075955956986476,0.15073576102416608
2,256,0.17946619838737854,0.15073170837198946
2,256,0.640973713126532,0.01562549280227088
2,256,0.5399260846576573,0.39118155969197665
2,256,0.7134155676100357,0.04652914461046653
2,256,0.630848020085538,0.3788540354154808
2,256,0.4963954161684543,0.061765203311080374
2,256,0.6769080822684552,0.2891923374122043
2,256,0.7121936274509804,0.015625
2,256,0.3411646655825058,0.12156967909180294
2,512,0.061643920455589196,0.17195119373439138
2,512,0.07674903647005182,0.054045379188341625
2,512,0.031066637052665436,0.1648103445240131
2,512,0.4325099134160266,0.007812512045077713
2,512,0.0387567188889133,0.22796818955699438
2,512,0.02334584862413558,0.21414828322368684
2,512,0.02334576749058781,0.5283808242462729
2,512,0.46726799210178527,0
2,512,0.0540454685270807,0.031066604469781045
2,512,0.09917754788834554,0.015594474318795015
2,512,0.031066653325979243,0.06164398018030137
2,512,0.023345845721042258,0.007812529685449654
2,512,0.015594444162872256,0.2619867403203836
2,512,0.015594461371381096,0
2,512,0.07674903647005182,0.22107362263613162
2,512,0.02334577528305104,0.14320889333592302
2,512,0.5654362764642074,0.038757672654692654
2,512,0.046416473491335375,0.046416494148883936
2,512,0.05404554508172166,0
2,512,0.0387567867235914,0.02334580407373732
2,512,0.0387567867235914,0.3468533831509639
2,512,0.023345827844114875,0.023345791697444218
2,512,0.02334584862413558,0.15044001660640283
2,512,0.06921194733409175,0.9930686105441346
2,512,0.02334576749058781,0.19318793546130708
2,512,0.031066569781102227,0.03106652237748131
2,512,0.007812509232851927,0.015594429232580698
2,512,0.09917764720037625,0.32129083059191477
2,512,0.06164399999250525,0.023345791697444218
2,512,0.015594456997259587,0.02334587184890846
2,512,0.02334584862413558,0.007812528757775938
2,512,0.023345831052792088,0.007812524338545845
2,512,0.03106660452787391,0.06921242024820018
2,512,0.04641709755487833,0.0233463761696574
2,512,0.046416494148883936,0.007812524338545845
2,512,0.05404553805788748,0.522955301077251
2,512,0.03875686068250406,0.06921192384386321
2,512,0.42056818647275096,0.015594477788938854
2,512,0.023345827844114875,0.33411139529442613
2,512,0.061643920455589196,0.0767488745660545
2,512,0.023345856809553034,0.08425604851503743
2,512,0.038756864994668794,0.22106876861297753
2,512,0.015594453552640664,0.2886498802602182
2,512,0.04641654118176419,0.11397730566760023
2,512,0.07674920637580118,0.07674899511943689
2,512,0.0540454313362575,0.06921157285127322
2,512,0.031069146873569653,0.24166386918340343
2,512,0.03875681285015198,0.007812517304310762
2,512,0.0692117154092281,0.06164382086182729
2,512,0.5010822408826311,0.2952387975877364
2,512,0.8303092145790674,0.30179764730226344
2,512,0.054045575653107414,0.25524228312230335
2,512,0.09917764720037625,0.12133036832134048
2,512,0.007812557625332173,0
2,512,0.038756732948645456,0.1139768136549758
2,512,0.05404547939125748,0.015594481492371526
2,512,0.015594481492371526,0.9968445982874297
2,512,0.0387568427091215,0.1931878928336549
2,512,0.09173210307149415,0.01559468853746282
2,512,0.023345765504274585,0.17906398964720782
2,512,0.06921166551711255,0.1504403246806152
2,512,0.03875672019342413,0.13594685418933572
2,512,0.031066724432064263,0.015594559439828903
2,512,0.023345771681491767,0.09173178659209913
2,512,0.04641651271248459,0.12865416819291586
2,512,0.45577561135825173,0.46155223034181625
2,512,0.9505240561436258,0
2,512,0.12133086136225801,0.26869377496668034
2,512,0.5547840145165346,0.12865408747964047
2,512,0.02334584862413558,0.11397674811755243
2,512,0.031067447652885716,0
2,512,0.046416515500823374,0.015594481492371526
2,512,0.0387568315120026,0.031066571356868522
2,512,0.04641631960185644,0.03875677469306493
2,512,0.023345770546455147,0.2484710695750808
2,512,0.061643905369534235,0.20718762569493954
2,512,0.5230128990103861,0.19318821290275767
2,512,0.015594473323680469,0.04641642661048573
2,512,0.0387567542556817,0.14320882585221928
2,512,0.054045543262598916,0.06164406431381353
2,512,0.0464164911869549,0.12133101629449361
2,512,0.03875679600014703,0.1286540777363161
2,512,0.031066578959761282,0.11397631248209106
2,512,0.031066625208956977,0.06921192384386321
2,512,0.03875670240135387,0.09173165073819955
2,512,0.06921189433549957,0.015594474318795015
2,512,0.6105562050902495,0.07674903647005182
2,512,0.03875677280876633,0.1286540777363161
2,512,0.015594454427464322,0.3341331897231049
2,512,0.04641646827270329,0.10659282293925065
2,512,0.01559442106758957,0.0917319726842919
2,512,0.04641639303122669,0.06164384035693504
2,512,0.015594429232580698,0.19318718117139178
2,512,0.038756869669201555,0.14320932595617775
2,512,0.06921166551711255,0.015594430752582156
2,512,0.07674930626372622,0.12865383439425937
2,512,0.015594452360693456,0.05404553805788748
2,512,0.023345854037424396,0.06921187569865128
2,512,0.038756732948645456,0.007812501197932087
2,512,0.03106658152310604,0.09173207270996153
2,1024,0.011695848896993155,0.20350073220192122
2,1024,0.011695842021225866,0.08042763004604847
2,1024,0.015579181389963281,0.03488135150964178
2,1024,0.015579188068187921,0.14306833098024085
2,1024,0.00390625,0
2,1024,0.007804866883818207,0.02332294721407624
2,1024,0,0.23802162313020392
2,1024,0.00390625,0.12487399193548387
2,1024,0.003906251199464306,0.01945489169801129
2,1024,0.02718339917169832,0.3047668974971933
2,1024,0.02332296347461238,0.08042751099706746
2,1024,0.007804929977677455,0.16465026766782354
2,1024,0.0078048705473179325,0.14668419447422787
2,1024,0.0078048705473179325,0.08791152175057093
2,1024,0.034881418520761875,0.027183428964161038
2,1024,0.0039062535450855584,0.10278858303910421
2,1024,0.0577920426205194,0.1285367393830894
2,1024,0.003906253157565764,0.10278799185858645
2,1024,0.011695850401068353,0.00390625371800013
2,1024,0.003906251913675662,0.15029328037612022
2,1024,0,0.027183391371639054
2,1024,0.019454885764983998,0.12121264241783158
2,1024,0.011695850401068353,0.031036185922382664
2,1024,0.01945488211258284,0.40520847507516056
2,1024,0.00390625055496574,0.2650866664681868
2,1024,0.04637098227078762,0.015579178233481983
2,1024,0.015579183025446253,0.0425487442234983
2,1024,0.003906252263605081,0.05399251628503876
2,1024,0.015579499479478565,0.09536505056929157
2,1024,0.03103619201918051,0.031036189771062372
2,1024,0.007804870315169854,0.003906253376271818
2,1024,0.007804867269934679,0.076674038542216
2,1024,0.007804864575085668,0.17888532669355806
2,1024,0.01557919087917703,0.9928703081416785
2,1024,0.011695840332980656,0.09908048656695057
2,1024,0,0.007804866883818207
2,1024,0.011695849369702471,0.04637098132964712
2,1024,0.03488135026462891,0.011695850225763471
2,1024,0.0078048705473179325,0.03871886107636868
2,1024,0.01169584810914448,0.05779184620361488
2,1024,0.003906250861153815,0.027183371438703086
2,1024,0.01169583944281527,0.1894817631964809
2,1024,0,0
2,1024,0,0.1466850971829744
2,1024,0.003906250127806099,0.04254871438586183
2,1024,0,0
2,1024,0.0078048700903048385,0.02332296191306671
2,1024,0.019454882003657636,0.23802155849663953
2,1024,0.003906292699333402,0.17533818478736862
2,1024,0.011695849369702471,0.0039062535450855584
2,1024,0.007804864484161178,0.16465039038961882
2,1024,0,0.04254874779687079
2,1024,0.011695850401068353,0.19650724501938632
2,1024,0.011695840332980656,0.031036177227220962
2,1024,0.003906256725211166,0.03488149221498227
2,1024,0.015579182854402074,0.04254874315148671
2,1024,0.011695848709410206,0.015579186681433654
2,1024,0.01945488377369331,0.015579185233349002
2,1024,0.007804878442067453,0.2817673733059266
2,1024,0,0.003906250861153815
2,1024,0.027183396241919455,0.19299726422003516
2,1024,0.007804867269934679,0.007804867269934679
2,1024,0.031036160834716275,0
2,1024,0.007804867042338737,0.003906252402346655
2,1024,0.00390625055496574,0.1358137679098761
2,1024,0.015579200637576118,0.003906261314634452
2,1024,0,0.027183397102779727
2,1024,0.011695849369702471,0.031036177227220962
2,1024,0.003906252894435136,0.15389306695681748
2,1024,0.011695850225763471,0.11018053617370993
2,1024,0.007804869156136651,0.1101803454601431
2,1024,0.007804868023732592,0.04254871438586183
2,1024,0.011695849551828563,0.16465064140331287
2,1024,0.015579193192706953,0.18595604790488418
2,1024,0.011695840034894656,0.00390625055496574
2,1024,0.015579208217380236,0.17533813389267583
2,1024,0.0078048697023672675,0.053992594043882014
2,1024,0.02718338386804975,0.1321747639002383
2,1024,0.0078048697023672675,0.03103618029666
2,1024,0.027183401973062238,0.13581325578044035
2,1024,0.015579177958857215,0.13944511086740197
2,1024,0.007804869219977362,0.11018035394228509
2,1024,0.0078048651358817445,0.04637094351029958
2,1024,0.011695854340314726,0.023323001523069986
2,1024,0.003906251554861351,0.03871884164222872
2,1024,0.00780488860756956,0.1138674740515605
2,1024,0.01945489492833008,0.20698939565176577
2,1024,0.023322945826642183,0.13944507300179243
2,1024,0.003906253376271818,0.1101805055607934
2,1024,0.007804870374231054,0.011695850401068353
2,1024,0,0.02332294721407624
2,1024,0.007804863031189879,0.15389414269836654
2,1024,0.011695844949565104,0.01945489627287822
2,1024,0.003906252593714354,0.003906252263605081
2,1024,0.007804864575085668,0.11754259348189311
2,1024,0.00780486314760509,0.03871884164222872
2,1024,0.007804867954429695,0.06158361908841725
2,1024,0.007804870315169854,0.17533831256109478
2,1024,0.01557918041208084,0.042548732312261195
2,1024,0.011695846220354245,0.13944507768619663
2,2048,0.0039043425587809155,0.0019531254295019895
2,2048,0.001953125161258784,0.0860014311296371
2,2048,0.0039043425902910434,0.15741017468043683
2,2048,0.007801051971503714,0.0803881890191469
2,2048,0.001953125255846233,0.13211016397700925
2,2048,0.005853650721603709,0.021379422348094868
2,2048,0.005853651333231569,0.009746544282883463
2,2048,0.001953125003534839,0.0039043417223763033
2,2048,0.0039043425902910434,0.009746543976229316
2,2048,0.001953125161258784,0.007801050625314998
2,2048,0.0078010507720696065,0.17879825900630053
2,2048,0.00390434252105043,0.01169012831178573
2,2048,0.007801050860758774,0.007801050860758774
2,2048,0.001953125443612924,0.02331155618765912
2,2048,0,0.013631801389817011
2,2048,0.0019531250329516414,0.023311552393084023
2,2048,0.003904341726417737,0.08038822037881932
2,2048,0,0.13937698074615623
2,2048,0,0.03869992318226079
2,2048,0.005853651105062085,0.11380975881084243
2,2048,0.003904342481553358,0
2,2048,0.005853650164566959,0.06722395978473827
2,2048,0.005853650925557785,0.02331155773318483
2,2048,0,0.0841322398300286
2,2048,0.003904342069493083,0.18938886542327138
2,2048,0.005853650446304037,0.1699201118687732
2,2048,0.003904342196287436,0.14841724581627647
2,2048,0,0.03869995976809226
2,2048,0.0039043425587809155,0.04061489020357001
2,2048,0.005853651553023642,0.12298380997712
2,2048,0.009746543771509297,0.01363180307973455
2,2048,0.001953125101507802,0.05396615342850697
2,2048,0.01169012827236593,0.11012688421684846
2,2048,0.005853651520473679,0.0860013965182509
2,2048,0.003904342196287436,0.023311554009746938
2,2048,0.001953125192723948,0
2,2048,0.001953125816450796,0.11196991220667574
2,2048,0,0.08038823162341335
2,2048,0.0019531250329516414,0.16457018445907923
2,2048,0.001953125465206096,0
2,2048,0,0.10273790245360237
2,2048,0.007801068440386971,0.04825564221521128
2,2048,0,0.050161056575306895
2,2048,0.0019531253097651025,0.14661316672781166
2,2048,0,0.0019531253433284768
2,2048,0,0.03294360363125093
2,2048,0.0019531348186566655,0.015571617415728212
2,2048,0.001953125443612924,0.005853651531195769
2,2048,0.011690128027673441,0.06155349250587794
2,2048,0.017509435140114382,0.03869996258293995
2,2048,0.0039043422629972957,0.12664004872596502
2,2048,0.003904341737507644,0.031021007327246775
2,2048,0,0.01750944581349667
2,2048,0.0039043480566411937,0.14842027551250492
2,2048,0.005853651394110759,0.052064570177852265
2,2048,0.001953131019019283,0.22419797847660194
2,2048,0.00390434209471191,0.03294359567455607
2,2048,0.0058536510871564085,0
2,2048,0,0.09903213790735954
2,2048,0.001953125525291477,0.0039043428915911393
2,2048,0,0.17879771394983024
2,2048,0.005853650925557785,0.005853650721603709
2,2048,0.003904342633200386,0.21729577400629696
2,2048,0.0078010521720059955,0.10828246251682938
2,2048,0,0.009746544092750775
2,2048,0.0039043428915911393,0.003904343514217201
2,2048,0.0019531254615716698,0.03486428722492241
2,2048,0,0.029096507484568712
2,2048,0,0.03294360089304371
2,2048,0.0019531323843265946,0.023311598225712826
2,2048,0.001953125465206096,0.005853651531195769
2,2048,0.005853650736375893,0.027170094356617103
2,2048,0.00585365143469696,0.023311558093796925
2,2048,0,0.08413219265093996
2,2048,0.005853650925557785,0.021379423473862347
2,2048,0,0.03102101088423126
2,2048,0.001953125660718147,0.01557156964573303
2,2048,0.001953125161258784,0.10643611380894547
2,2048,0.007801051742927445,0.0039043424329817666
2,2048,0.003904341878146478,0.015571571171535403
2,2048,0.005853650229901364,0.05396617161993289
2,2048,0.003904342069493083,0.029096502607206087
2,2048,0,0.02331155689971509
2,2048,0,0.11196915866084278
2,2048,0,0
2,2048,0.003904342318588938,0.015571570537480817
2,2048,0.001953125443612924,0.17879814024687413
2,2048,0.0019531250329516414,0.3159810590611095
2,2048,0.003904342633200386,0.11564840449103442
2,2048,0.001953125192723948,0.04634830428763992
2,2048,0.0019531252244380237,0.0039043421329293393
2,2048,0.0039043418963488064,0.0019531250745448148
2,2048,0.005853651333231569,0.017509430654448876
2,2048,0.00195312545434545,0.03678306025762701
2,2048,0.003904343526561882,0.1027379906629543
2,2048,0.0019531250300710568,0.015571567684001808
2,2048,0.001953125161258784,0.03102100271153596
2,2048,0.0019531251306400543,0.01944537953872061
2,2048,0.0019531250141393564,0.06344553808382147
2,2048,0.0039043424775687674,0.023311557210411893
4,64,0.9218119107840883,0.9410273743172142
4,64,0.6782389764757264,0.9456194513482802
4,64,0.8327532101163769,0.8537274215652604
4,64,0.9894304206060865,0.9336444171563898
4,64,0.9782361638947613,0.9186089943280054
4,64,0.8295130916671536,0.7742092940623329
4,64,0.933073972633295,0.8784812517066524
4,64,0.9202430925380615,0.8211038456893428
4,64,0.8377761332682527,0.9469217888901533
4,64,0.990786384170706,0.9044176558888265
4,64,0.9465149822044787,0.9106908787991392
4,64,0.8489838593739789,0.7404248598278449
4,64,0.9092491572172847,0.858665971277963
4,64,0.7379787175732709,0.767706538792086
4,64,0.83971080849481194,0.9298577170972842
4,64,0.996012181379625,0.2997370727432077
4,64,0.8800412888004129,0.9049503001673064
4,64,0.8789527993567157,0.7044473480267912
4,64,0.8381548864194515,0.8626359811595904
4,64,0.7664477929175997,0.8617096489485091
4,64,0.79746629600662855,0.8113268293413398
4,64,0.6060596931743725,0.9176626970723788
4,64,0.9913925046606896,0.8004072855482018
4,64,0.9330361029169499,0.8661270731107173
4,64,0.8834538390847074,0.8004962161055668
4,64,0.845868460646575,0.7341597031127718
4,64,0.7462826147947255,0.6634465752424843
4,64,0.9618087110717056,0.8362120568996855
4,64,0.831190673912815,0.750002799520722
4,64,0.45230873353405865,0.7349277709043649
4,64,0.7809820044017683,0.9365471200533231
4,64,0.9351050481001255,0.9775981935943906
4,64,0.9473909915232835,0.7918292624174976
4,64,0.7949090118937026,0.7618630329054025
4,64,0.9739141938204338,0.96264216618772
4,64,0.9395646161313662,0.9679057954283076
4,64,0.8984176438934617,0.8388689777540501
4,64,0.8605375071243808,0.9107912498983491
4,64,0.9381363703687363,0.9110653614542676
4,64,0.8411626647409279,0.9269166940209143
4,64,0.8741782510727121,0.8112053307778879
4,64,0.6516495015696426,0.899397206329737
4,64,0.833881717708597,0.9907632452329918
4,64,0.9892817149256119,0.9592314139531393
4,64,0.8625156896504502,0.9368370843179592
4,64,0.8942132815806431,0.8263782740113319
4,64,0.9016002910868386,0.7711038693751828
4,64,0.9047524358719428,0.7579181435481266
4,64,0.6961905341599784,0.6293129029647414
4,64,0.88767471982156,0.8514894050299238
4,64,0.7352539730749386,0.7166469383699531
4,64,0.9571960119048938,0.8303287501279196
4,64,0.7606977882739709,0.6107306933516057
4,64,0.9908661910017642,0.9473625009842114
4,64,0.8209271670720161,0.9481348392752352
4,64,0.7282957087186109,0.7239297380243929
4,64,0.9314044664905514,0.83969295081985
4,64,0.9758533415418291,0.8710131116497268
4,64,0.7938427168864763,0.9487844731436338
4,64,0.8194887642754055,0.7489409771251059
4,64,0.8396754577871182,0.7184448688884526
4,64,0.8871329458806914,0.9579080952533299
4,64,0.9450206970406321,0.8383934479114888
4,64,0.7683242843040474,0.9499136699214098
4,64,0.548403915570674,0.8839730554839983
4,64,0.9253669358804821,0.683886240196458
4,64,0.9011893653402552,0.801681863015221
4,64,0.6031737003753839,0.7570260995066138
4,64,0.9920602468732893,0.9272004428101911
4,64,0.8477806733612777,0.8363497257051249
4,64,0.942113871654529,0.7156180624300752
4,64,0.8833174904942966,0.8457827406764961
4,64,0.8980043369082641,0.847585893749054
4,64,0.8886410959069542,0.8396037892781144
4,64,0.9222243081890887,0.7743531357486128
4,64,0.7618402101160722,0.6488674048676297
4,64,0.8580850346616641,0.8561552778516353
4,64,0.88046278209764,0.7427165151269544
4,64,0.8673903999683037,0.8547347471671574
4,64,0.9505478937976647,0.9248605423637728
4,64,0.850543070905845,0.7415801533329931
4,64,0.8417677510863062,0.7379882503604384
4,64,0.8134314096795376,0.8915982076176251
4,64,0.963802601333341,0.9453405862907737
4,64,0.9034681416268394,0.8524111481012139
4,64,0.7105835434871854,0.8165438803165903
4,64,0.8031187241582989,0.8327994907254526
4,64,0.8865963486000631,0.9620339941643494
4,64,0.9372909143662149,0.8490245517716924
4,64,0.8116484276005068,0.8064486147987571
4,64,0.8478180791237936,0.7627223575054687
4,64,0.8222241607651253,0.7794803464357095
4,64,0.8138247016433519,0.8328450479057505
4,64,0.7288761861880968,0.8325680216755897
4,64,0.8766089765454921,0.877944401091781
4,64,0.6660684276647468,0.586517229221948
4,64,0.9311069252575486,0.939684478881875
4,64,0.964218805821887,0.8345187856704653
4,64,0.8623286825534017,0.817316857593456
4,64,0.8714639711474766,0.8556692850908514
4,128,0.6532592933252301,0.6875178005438014
4,128,0.806178403904773,0.541520528531449
4,128,0.7310852319841603,0.7459686289640621
4,128,0.7959364675841148,0.469944195067705
4,128,0.6344064234644116,0.8570022534167965
4,128,0.6292534344084739,0.7193232272903869
4,128,0.5200137432618046,0.7641743080081429
4,128,0.8291335302398566,0.46160588276329606
4,128,0.5642357445893365,0.6340292726330878
4,128,0.5957478031333969,0.8698513180487456
4,128,0.7484953882184471,0.7681277414162629
4,128,0.7002380349637194,0.5697194625897002
4,128,0.7926952025774884,0.48107150125306875
4,128,0.6042696587662592,0.8370943691585941
4,128,0.6942616104588042,0.6220619642482428
4,128,0.7747129141989453,0.7529578921833318
4,128,0.813868024224938,0.5247849432210107
4,128,0.8397970443680013,0.6522191513627134
4,128,0.5577286078301112,0.5062872041084274
4,128,0.8914349170184748,0.45018807102567915
4,128,0.7028016112282397,0.7050183075856769
4,128,0.8187083404934391,0.8242843540699125
4,128,0.5865193157871837,0.6368545159958887
4,128,0.7594762860698302,0.6888282779873043
4,128,0.5792990829789884,0.5977169104029001
4,128,0.44586721877843694,0.6315741962374533
4,128,0.6706554657814144,0.7102985192298741
4,128,0.639525118335671,0.4887843392440101
4,128,0.9171991055541524,0.9068154005288316
4,128,0.6124546996128278,0.8115050489391662
4,128,0.41939072540355016,0.34423460135337025
4,128,0.8585184307519137,0.7901008468824309
4,128,0.8283355656774947,0.6284083048172874
4,128,0.5873467793244878,0.4866416942816465
4,128,0.7549590858427048,0.6569756822507633
4,128,0.49179263395794515,0.5770859324774533
4,128,0.6878044066268727,0.6760414809078383
4,128,0.6775546291912374,0.7719416442174988
4,128,0.7586013261374235,0.5369091655999115
4,128,0.8733185496026001,0.8787298449372953
4,128,0.638641750261864,0.5824305525360978
4,128,0.3714724185141519,0.5538057860804244
4,128,0.8893712487815288,0.6261875685981726
4,128,0.8724544988389721,0.5864115970688917
4,128,0.6118862354481773,0.6403772399205039
4,128,0.8286220067703356,0.7678793813349064
4,128,0.8055688744664831,0.6018772884369736
4,128,0.6812716723528298,0.6745855871056726
4,128,0.702658951261894,0.8070242662532335
4,128,0.4101746463596678,0.49634241117682587
4,128,0.545164126535369,0.6640833546540055
4,128,0.8678522310739543,0.5554413117244068
4,128,0.6884351322537563,0.8716406693874333
4,128,0.7702125432581233,0.6862942095204096
4,128,0.6704467805248728,0.7599778703929662
4,128,0.8573944881579806,0.7640901840986278
4,128,0.5677829465427178,0.6918001218957566
4,128,0.7718100141782381,0.6876290945887319
4,128,0.8365192708387683,0.7245317875779351
4,128,0.6665359787487647,0.7224576599575301
4,128,0.771502907902681,0.9015767677245395
4,128,0.7537075537075537,0.5722543352601156
4,128,0.8122322943256769,0.6508716037380082
4,128,0.8624592392583944,0.41215747530411195
4,128,0.9160053391832377,0.7601845097296536
4,128,0.8565838720854676,0.536838987300013
4,128,0.7316598066863231,0.7844336853050818
4,128,0.5818478202584589,0.8661060923666765
4,128,0.6887389131873749,0.7156352553407805
4,128,0.5722222708566242,0.8376476973456906
4,128,0.6934608300558579,0.5963235071195416
4,128,0.5182576586952627,0.6742286200235442
4,128,0.36327649252462146,0.41591058684463345
4,128,0.6223973762996104,0.5567194376426352
4,128,0.7307315167785463,0.45632680724616437
4,128,0.6610679923355902,0.7125082250533463
4,128,0.5141833533930397,0.8086123590743409
4,128,0.7467192743237885,0.7541962642543324
4,128,0.7188451633387949,0.7302899303305779
4,128,0.8947198303155584,0.48647236919743475
4,128,0.8240024069967418,0.8198036490748193
4,128,0.716530690362007,0.5452893210515295
4,128,0.6274311252126117,0.5592702191050067
4,128,0.7554435595978664,0.6357204233043078
4,128,0.5115812736133059,0.7234998876432961
4,128,0.6745212420670614,0.7653043849886279
4,128,0.6190959168020291,0.7215307409850624
4,128,0.5807813847635146,0.7442622934591457
4,128,0.7369900435301429,0.6556704216342518
4,128,0.6236258574660863,0.396353734485103
4,128,0.39870180762235863,0.7396466948512752
4,128,0.6308569392072634,0.6344214481394428
4,128,0.4067473444542091,0.7195539256131613
4,128,0.8109198995621815,0.7003995697425954
4,128,0.8829331433113135,0.7296444540270433
4,128,0.7383117388001826,0.5928676379001852
4,128,0.7179833458764286,0.7164324961633118
4,128,0.7870006354583141,0.7309144209683918
4,128,0.6605759405322783,0.763591137102252
4,256,0.4852989254039838,0.4065282886379431
4,256,0.35043567313945356,0.3398312416897028
4,256,0.7439736041116185,0.4889139417289864
4,256,0.48518291934800173,0.26288907485217383
4,256,0.4293838602963841,0.45974915102293445
4,256,0.4188354020983812,0.3279459886268157
4,256,0.6023936198373274,0.6508278329277332
4,256,0.42685044247457504,0.21056506074003167
4,256,0.47005724292040574,0.36633149626137396
4,256,0.3756817430551165,0.5134713851009656
4,256,0.34485354072037544,0.34779242536179
4,256,0.4108982409024864,0.29234048241654564
4,256,0.2964064831800861,0.23561639180074634
4,256,0.274362107044148,0.3938926505520062
4,256,0.569045426939224,0.4271200038013033
4,256,0.3775470534850752,0.2472911111039855
4,256,0.4849573695530607,0.42880468303601726
4,256,0.7469014989518924,0.29689247022793785
4,256,0.4637337910488839,0.4081815640487717
4,256,0.3803276863288132,0.4465677211614575
4,256,0.2866583636486273,0.1289300345372557
4,256,0.44699779516922655,0.42379946826301895
4,256,0.6322038229307498,0.3093334499995266
4,256,0.4031325760647726,0.3022233269378597
4,256,0.4834100142434957,0.29918417339609693
4,256,0.5773647066346392,0.21188001979370763
4,256,0.5632452631724834,0.2805511280973675
4,256,0.46843504224365307,0.24895885395547535
4,256,0.5768959238045152,0.3489933621734731
4,256,0.5061916297558475,0.20768504148279932
4,256,0.3662613863139147,0.527083405635399
4,256,0.47202425573760176,0.5629720649150817
4,256,0.46476887706025927,0.40627607240867436
4,256,0.43420566741047717,0.22384222441464674
4,256,0.6301051915551975,0.17404079804493422
4,256,0.46133725972717365,0.2112762234439337
4,256,0.37886321673093337,0.2161361971667618
4,256,0.48746339264624305,0.39272724126847913
4,256,0.4474498364914611,0.2920588884626478
4,256,0.40446781981532143,0.42928436132110637
4,256,0.7051652781935371,0.4442536672853026
4,256,0.446983230402735,0.3825489615636908
4,256,0.5018549926195601,0.3930548265428775
4,256,0.358180201062291,0.39626313910216326
4,256,0.5343779917516994,0.38500001630028535
4,256,0.45191834478639015,0.16763946780229655
4,256,0.3572108519199858,0.6572105039886793
4,256,0.38963681451242804,0.5452941406323748
4,256,0.37144424866583603,0.17009103188672692
4,256,0.49896062970356914,0.2747200584031515
4,256,0.3846327068170071,0.4808073598777378
4,256,0.4299808368594723,0.32502669225093983
4,256,0.4460501496578667,0.49122642779631465
4,256,0.33366003000894207,0.48901827010980903
4,256,0.4533974228258584,0.47398623671815654
4,256,0.42132891407733575,0.31862980272883856
4,256,0.2921438612948013,0.3420400709364487
4,256,0.46005286180853844,0.3437602578205644
4,256,0.4458845290648765,0.23259724036499108
4,256,0.4256944898179782,0.2830461377574979
4,256,0.3791886953937572,0.6419512358243926
4,256,0.5967993340935746,0.33545256502955356
4,256,0.6496022535042714,0.3893394926100324
4,256,0.4867109021173778,0.3448337645956788
4,256,0.4854332925655287,0.49688763094926336
4,256,0.5817806728017931,0.24864023269805335
4,256,0.6499594549297116,0.27435393097438443
4,256,0.6555032591104493,0.24239522824090665
4,256,0.5299236876208814,0.18998864634022405
4,256,0.43437683011386874,0.32984688232418835
4,256,0.37167500294510725,0.310211826266111
4,256,0.5800040464624653,0.2543500455865114
4,256,0.48367503566773407,0.28807217299719157
4,256,0.4411512165387397,0.3300150919525596
4,256,0.40846844062510335,0.2633814703999815
4,256,0.6734422771936529,0.3003299287204336
4,256,0.38103629486509794,0.315726521955796
4,256,0.4023063930934341,0.2350553829878984
4,256,0.6643868660541453,0.4353429297706135
4,256,0.2987652375730605,0.3559799259824973
4,256,0.31916649559033217,0.19269107590664125
4,256,0.6102983667777806,0.32674715522460074
4,256,0.30922069724110346,0.3277216569131908
4,256,0.5674662480237993,0.5566553596946392
4,256,0.4760740052717577,0.4490238285640332
4,256,0.5990849490179251,0.5145661437467552
4,256,0.39898139671960486,0.4401309120252541
4,256,0.5613308250913693,0.4903332038074114
4,256,0.47006454676010523,0.20648072379822835
4,256,0.5945413853468938,0.2652366870134806
4,256,0.33099928627671593,0.26054361342832433
4,256,0.6555378495524304,0.2713760379349006
4,256,0.5290694707547932,0.20848013396052034
4,256,0.32432453413242057,0.4685282057454023
4,256,0.4244404265470243,0.28471016542092864
4,256,0.500821407965941,0.5098280485127993
4,256,0.6610156336230469,0.27005652938041846
4,256,0.5218064659473851,0.23444145399209282
4,256,0.5942387222932073,0.25535073058991264
4,256,0.38630533949260026,0.3527198679380804
4,512,0.4420712796795968,0.055827713260519385
4,512,0.19672693777091554,0.10085017885867353
4,512,0.20670917010732826,0.0732618479553343
4,512,0.21263222146243754,0.157486671459377
4,512,0.18055383959476223,0.09736494748408131
4,512,0.17170089421583845,0.04816646942795755
4,512,0.21075628418023173,0.10569929289293944
4,512,0.3144047881854598,0.06715067567885769
4,512,0.25199608432529197,0.28160101752103595
4,512,0.24740854336113016,0.13264013963465282
4,512,0.22211622600769754,0.07232865800465205
4,512,0.48064260792538316,0.05650523741781699
4,512,0.21384530035047444,0.0367169815246593
4,512,0.30260765038805204,0.09130969961215418
4,512,0.22968289239092754,0.04694456945125791
4,512,0.2551504509099616,0.05707415614325628
4,512,0.31778288649916075,0.08089673892895222
4,512,0.26741291811960866,0.052910574499144714
4,512,0.23426255059555123,0.051801377113076974
4,512,0.1850559130369439,0.0661497708636597
4,512,0.27469717121176873,0.08357893624740087
4,512,0.2699478677069752,0.082325791766646
4,512,0.22916973013374253,0.05626116539309334
4,512,0.24642840237723063,0.09671187280678661
4,512,0.22419218618684433,0.05692475260855434
4,512,0.28718914151051167,0.053272840121106
4,512,0.1944120565632207,0.08047078245293482
4,512,0.33211595372608593,0.06729062983591072
4,512,0.27809213105275454,0.04066053811518111
4,512,0.26732320944135424,0.02607904524542959
4,512,0.2733903423060665,0.13368100142582495
4,512,0.4767944671490433,0.06663744095969082
4,512,0.26930660301669707,0.06337572772895506
4,512,0.16649788527800713,0.2360487585135297
4,512,0.34948349615754304,0.05096007082769216
4,512,0.14543333574026063,0.05253657826378877
4,512,0.31574348150821296,0.08724597002513002
4,512,0.3221648186969214,0.052486697898965984
4,512,0.28972831716154435,0.03863690603954173
4,512,0.28615771839231174,0.04506944540560742
4,512,0.2307410581314584,0.04155404727076972
4,512,0.21030284193593152,0.10796313329600482
4,512,0.3719506179958275,0.12761022336325234
4,512,0.27934567214077755,0.08197259385661204
4,512,0.24190889089599155,0.04714515105193118
4,512,0.25986298326875024,0.18754331379835265
4,512,0.3829722338820858,0.05834747401915963
4,512,0.3447905738189817,0.03645348690329042
4,512,0.26536228304700005,0.06886009134918847
4,512,0.26161497513680787,0.08157081230227314
4,512,0.34074714411203033,0.05168348878730533
4,512,0.2787945384562798,0.07548287964389055
4,512,0.3600835826914227,0.06389194031785073
4,512,0.2593520140674268,0.041231543867866094
4,512,0.2862149831056131,0.12939630850351946
4,512,0.17768823189016458,0.08089867460965261
4,512,0.20896473431300322,0.036283522427182135
4,512,0.15318112869283262,0.1868384897060118
4,512,0.21247208153641717,0.05671575915742455
4,512,0.32412287119386607,0.09309530023937584
4,512,0.2799706418888851,0.09241344880630897
4,512,0.25242551065808605,0.07160519879865201
4,512,0.2557431500665809,0.05276526125298642
4,512,0.1926263884576217,0.046048226016324634
4,512,0.18355461684344132,0.045298234254434466
4,512,0.36566624677388393,0.05233835229967132
4,512,0.3111021617201821,0.05235514918119977
4,512,0.18001817088279493,0.015460875481733027
4,512,0.22625842915491656,0.052126558960910896
4,512,0.20411694209493692,0.06249121135537561
4,512,0.2183910108138577,0.11147679418760414
4,512,0.26163460259719273,0.047002347771962216
4,512,0.2836726333938465,0.3080008042610397
4,512,0.2904186557336327,0.036104587204622285
4,512,0.29165622276314707,0.041406224980158335
4,512,0.23409756482733357,0.16610112793931286
4,512,0.2040386576677654,0.09129865309581808
4,512,0.22637477843401355,0.051835349504988026
4,512,0.17076799558390043,0.08706508551093262
4,512,0.17686028261535325,0.10240757197049155
4,512,0.3434160023191082,0.06654050033902914
4,512,0.24428827498517702,0.07177467835136642
4,512,0.2860950350766618,0.09351951780838219
4,512,0.2494994840045831,0.159328024117795
4,512,0.25237311603194035,0.06764146239396229
4,512,0.20416918016155938,0.051836260421840086
4,512,0.27359719573433317,0.1298006616326135
4,512,0.19262159320784422,0.0715391939170168
4,512,0.29204984403441947,0.12275698548050662
4,512,0.25268564877687105,0.036413307583788135
4,512,0.31183743414794396,0.09690910579658141
4,512,0.1973898481738371,0.06655658093119177
4,512,0.27970510585065544,0.1802766600071729
4,512,0.2285451488154302,0.07829495075789628
4,512,0.29182787946601907,0.07771963717418018
4,512,0.24552002799355666,0.06651650323126901
4,512,0.49356440763226517,0.05753023328683393
4,512,0.24891521433547603,0.0628745654171915
4,512,0.23690143601707792,0.08741660612599567
4,512,0.40225777732647927,0.10704960618509596
4,1024,0.04121674531035313,0.010596515459364575
4,1024,0.041295686997796066,0.007783497541721585
4,1024,0.02086453750328221,0.015850498982707406
4,1024,0.0285890659161111,0.005340648000898951
4,1024,0.036407120640156276,0.0051274255171039895
4,1024,0.03840675145522465,0.018180335290490457
4,1024,0.020625413783835422,0.013028998234340339
4,1024,0.028157536463302102,0.010376539763250037
4,1024,0.05952063586969614,0.015676267078103323
4,1024,0.025938570291289653,0.012859568616223283
4,1024,0.026057996480853496,0.010398996521977621
4,1024,0.04540686275325656,0.010224124335257545
4,1024,0.023307096680980965,0.00533146274434837
4,1024,0.04909037956164086,0.02625727178010362
4,1024,0.03854068519560516,0.015517013017719905
4,1024,0.01824275113090157,0.005140244568681562
4,1024,0.023238197384231496,0
4,1024,0.025784365026995215,0.033676730783225195
4,1024,0.04329925468066009,0.01822886083367692
4,1024,0.03679415795626195,0.021277928985677486
4,1024,0.0494656793607795,0.005194546610586714
4,1024,0.021000234879863022,0.01042986638742438
4,1024,0.1001671199026084,0.020347645599019804
4,1024,0.2137797992867112,0.01828332238970709
4,1024,0.035782366646386676,0.015459000662896072
4,1024,0.020872977269896786,0.004962407317303241
4,1024,0.02328483340771248,0.007915245567829299
4,1024,0.03363963074101428,0.01303546041045578
4,1024,0.028840596351258796,0.0129317859850131
4,1024,0.06083701205915759,0.007977587381764906
4,1024,0.03609837894410195,0.01043331258182667
4,1024,0.03698903228776407,0.005401181557496804
4,1024,0.023606489688919763,0.010372411365065504
4,1024,0.026052632287606792,0.02569663128070665
4,1024,0.051850594964641616,0.002573256350185682
4,1024,0.05149025097711801,0.01035171777671029
4,1024,0.04166900525087924,0.007879359659542562
4,1024,0.05192239531066456,0.0077394554571715846
4,1024,0.03372733656489857,0.03430304844590004
4,1024,0.03376671932521724,0.007675377644132841
4,1024,0.058399561922173215,0.012899678065558473
4,1024,0.03425362570942336,0.002802048973633564
4,1024,0.036198188028165434,0.025951671285120215
4,1024,0.02617134533131593,0.00792184050662903
4,1024,0.023666259621459407,0.005373291472224984
4,1024,0.020882509944932348,0.015453546935642493
4,1024,0.04399468728480371,0.020930723901273818
4,1024,0.043266475401850024,0.027544978517065943
4,1024,0.0497092579292302,0.01051009663657998
4,1024,0.036159529779485666,0.01541811716324748
4,1024,0.013098355599164724,0.005330401505840632
4,1024,0.023467546224766656,0.005169599475836506
4,1024,0.04172243557288191,0.028938406099866976
4,1024,0.03305740827540593,0.01780193273710795
4,1024,0.013050654073216594,0.007844344178886131
4,1024,0.038582429155919695,0.010593514866965581
4,1024,0.04370017470422616,0.010570325410854564
4,1024,0.04930316538365809,0.012796416790570753
4,1024,0.023974068021521244,0.010572785222811243
4,1024,0.03639295631726136,0.013212370279145347
4,1024,0.05971519968331962,0.03591409239748922
4,1024,0.02583877689359959,0.012946712339597433
4,1024,0.04392627964950735,0.007683727527546869
4,1024,0.031866712198891256,0.01807563240914345
4,1024,0.010425575765846795,0.02866301436220864
4,1024,0.033456831453550384,0.007629051095106365
4,1024,0.03408320613578297,0.005223745698346827
4,1024,0.02331161947705629,0.015602240259357969
4,1024,0.023355024209536945,0.020950507218217784
4,1024,0.026316284463486994,0.013105811605488515
4,1024,0.03137755893924277,0.02093580688389496
4,1024,0.023914385459637644,0.01512724625806705
4,1024,0.041300400598315745,0.015611754523616517
4,1024,0.06687315075050582,0.029242241219376908
4,1024,0.08214137221209417,0.012940246108419928
4,1024,0.018663849371973962,0.007894006119271602
4,1024,0.047234787993468474,0.013130377693554629
4,1024,0.03919532161229822,0.01325434649754742
4,1024,0.043425544107371206,0.010395736999271987
4,1024,0.035976930609283864,0.002554151674158067
4,1024,0.04602445826492474,0.010275222606034418
4,1024,0.015875102325777712,0
4,1024,0.029129303975296006,0.018792615747216246
4,1024,0.028298325317840933,0.002630562812279913
4,1024,0.03618475257957088,0.013073850874301907
4,1024,0.0419080544277155,0.007780753901509674
4,1024,0.030841782687942687,0.007828234440866777
4,1024,0.04124645971801999,0.028189135099260354
4,1024,0.0288112483961116,0.018448660448786125
4,1024,0.020662217472215527,0.00524178427137445
4,1024,0.0388583423095169,0.007888908635480418
4,1024,0.03856073204322785,0.030741654553255393
4,1024,0.040888609154147715,0.005292729262486029
4,1024,0.06757515907258671,0.021098782185764664
4,1024,0.05661266275716592,0.021320745369034166
4,1024,0.03907612856019094,0.00779264507827615
4,1024,0.04099438096502794,0.018106303119529543
4,1024,0.04619602191286254,0.01068091445189423
4,1024,0.02054058842121942,0.010465879325029515
4,1024,0.031214678367663784,0.010360756376976421
4,2048,0.005221188148605838,0.0025679823203091923
4,2048,0.006514717573528062,0.0025788456348607713
4,2048,0.0077758934629261756,0.00529580767978699
4,2048,0.002589576339445676,0.002636748229288721
4,2048,0.0013434379543941777,0.0013103392124972357
4,2048,0.0012711484618543878,0.0012686020054805125
4,2048,0.003854261914663759,0.0038697570061831943
4,2048,0.0038758803396502506,0.001302986348039159
4,2048,0.0012779864750975811,0.0012907614675730095
4,2048,0.0013435131634974562,0.0013053700902824206
4,2048,0.001310191996275023,0.0012948995824818565
4,2048,0.003903148281458324,0.002546062273367733
4,2048,0,0.002607715118110754
4,2048,0.005203786586294834,0.002599347409298902
4,2048,0.003919972678186001,0
4,2048,0.006432553487130677,0.002576683853542483
4,2048,0.00395408509503381,0.0025538111104269623
4,2048,0,0.002584747444930091
4,2048,0.003934701508188532,0.0026449254393715593
4,2048,0.001308505947187677,0.007777159937821021
4,2048,0.0013448187974629544,0.0025140588960175236
4,2048,0.0012868680499034113,0.0025990924494910805
4,2048,0.003930709451253622,0.00129203852354276
4,2048,0.0012672481380446854,0.0038565359044820946
4,2048,0.006555267207195792,0.0012958582936792862
4,2048,0.0012611624421420276,0.00799474948542045
4,2048,0,0.002596191914816637
4,2048,0.001325197550225976,0.0012857598094236922
4,2048,0.002617982968096788,0.003982210947487408
4,2048,0.0026329135983255147,0.003885796146660736
4,2048,0.002695463030640388,0.002631974376328672
4,2048,0.0038860785377715645,0.0025617484515497724
4,2048,0.005261424192021247,0.002600959842232964
4,2048,0.003972379184577823,0.0013296747451475577
4,2048,0.0026176862978189996,0.0013018390152897963
4,2048,0.006550536371871973,0.0026336045484494086
4,2048,0.0013231333334426942,0.0025418844811637697
4,2048,0.005185233890639407,0.005328644327781129
4,2048,0.00785547953783261,0.002672740657481798
4,2048,0.0025610286415467254,0.002592809280141384
4,2048,0.00390601792594103,0.0026048640359849218
4,2048,0.003935249632866178,0.0026039880345206656
4,2048,0.0013291724475420486,0.0012731473950438055
4,2048,0.00129896954281572,0.0013662557715963253
4,2048,0,0.003984766710116938
4,2048,0.003929288110337437,0.0013482231916858156
4,2048,0.0025802727037397277,0.005236630167500755
4,2048,0.00130977130503529,0.0012944887589158016
4,2048,0.005244521715420225,0.0026033880370709417
4,2048,0.0026116642479055985,0.0012924585330745808
4,2048,0.003980098298508095,0.003832838370478764
4,2048,0,0.0025972218282006576
4,2048,0.005212292463674162,0.0012633322597676022
4,2048,0,0.003859102695781602
4,2048,0.0038363190613550646,0.0012800482291920323
4,2048,0.007965584541943072,0.0024894249388160983
4,2048,0.005112364110438361,0.0013711255146713341
4,2048,0.0039480170538955806,0.005186356316056351
4,2048,0.0039412745847335895,0.0012910436792292757
4,2048,0.0025976158693775675,0.0013115530521893293
4,2048,0.005200146082311896,0.001297484136283833
4,2048,0.002587211427115599,0.002617832451912494
4,2048,0.00650890449940944,0.006491995547650675
4,2048,0.003991988460385398,0.0012455350671757293
4,2048,0.0013340854807162295,0.0013391691514283988
4,2048,0.0026199848845037677,0.002599592521934202
4,2048,0.001327647135669685,0.0026209757369394238
4,2048,0.003850277754377074,0.005094230609970718
4,2048,0.003934943959533754,0.002552997897023901
4,2048,0,0.00390451834955452
4,2048,0.00521427127604468,0.005267591158853113
4,2048,0.0039087734778978644,0.005180614014271612
4,2048,0.003945472318758747,0.0026745763807363154
4,2048,0.003933016042258042,0.0012805507448265807
4,2048,0.0012646197833203754,0.003924928906604119
4,2048,0.0013138565064114704,0.0012859608300984648
4,2048,0,0.002641174333007923
4,2048,0.005220710663540573,0.005186712214536371
4,2048,0.0012969535097430152,0.002616855224699677
4,2048,0.001307982911940453,0.005089531304886319
4,2048,0.0026041472301461255,0.0013109564939598473
4,2048,0.0038533686555299873,0.0025882968037840293
4,2048,0.003911967354930157,0.007808235712631784
4,2048,0,0.0013212787805449988
4,2048,0.005323051487151176,0.005218815834219348
4,2048,0,0.0026579349982407408
4,2048,0.0012636587005688815,0.0013107061214494564
4,2048,0.0026412953169747677,0.001321983043766961
4,2048,0.003837477299355241,0.0013360512795913548
4,2048,0.00395049980506279,0.003895991590064596
4,2048,0.006413085834010679,0.0026266968161917648
4,2048,0.0052859318425837465,0.0013186435195199353
4,2048,0.0013653015859241835,0.001365367316815913
4,2048,0.001300615294898444,0.002580727413775352
4,2048,0.003974261437114213,0.0038317831869092434
4,2048,0.002582394656596154,0.001275365284885921
4,2048,0.002698359775650805,0.0024849301888760778
4,2048,0.0026480903686305624,0.002621313080225396
4,2048,0.0025431356645050363,0.0012875088755053277
4,2048,0.005266052155478151,0.0012389625516584513
8,64,0.9797864112956053,0.7453284010299894
8,64,0.9863753157860644,0.8748455428067079
8,64,0.9990385682061902,0.7755453501722158
8,64,0.9986227684951797,0.8698659749243407
8,64,0.9963452721111037,0.9070794789503492
8,64,0.9822605732908674,0.8692911776229495
8,64,0.9938891270323886,0.7549708776862825
8,64,0.9797141800622104,0.7862569252148639
8,64,0.9988375391426711,0.9358552540322804
8,64,0.9841845394229286,0.9657704411196378
8,64,0.981503631942079,0.7882795280694931
8,64,0.9886835793669561,0.90068982209851145
8,64,0.9974662162162162,0.9382978723404255
8,64,0.9974150406706922,0.824532814845428
8,64,0.991270086526576,0.8003801709566232
8,64,0.9955333069964734,0.8901559978483056
8,64,0.9913161826708285,0.9503117907586541
8,64,0.9884782623729017,0.9623945789668377
8,64,0.9741383945373407,0.7667396061269147
8,64,0.9783088235294117,0.6594827586206897
8,64,0.9974030291068497,0.8295662797800856
8,64,0.9883830303809884,0.9808643038099221
8,64,0.9684405618433793,0.7759070584151745
8,64,0.9995879038195297,0.856736916883732
8,64,0.9830528762231554,0.8778984039198159
8,64,0.9997534337969745,0.9259114629557315
8,64,0.9732528041415013,0.8655612878307171
8,64,0.979907690188064,0.9322451714812244
8,64,0.9909374535730203,0.9081314279110975
8,64,0.9767806480513663,0.927710843373494
8,64,0.9971906157178011,0.8611891453560775
8,64,0.9696433834364868,0.9094159713945172
8,64,0.9730561970746728,0.9070893879348305
8,64,0.9892230923833946,0.8329220386222483
8,64,0.9953628103076476,0.769857433808554
8,64,0.9792563600782779,0.9266902887229311
8,64,0.986081218224338,0.9321824907521579
8,64,0.9971487846278443,0.8341488263341459
8,64,0.9894038920293372,0.705923295546089
8,64,0.9868081826477546,0.9036182697945977
8,64,0.9998194984946175,0.7990354093358596
8,64,0.9901015505828348,0.9249566332302587
8,64,0.9972263648654299,0.7327600771850574
8,64,0.9917771113475863,0.7648785068670032
8,64,0.9789792406386826,0.8605799318545303
8,64,0.9650603084855316,0.8954718296996165
8,64,0.9985117686673263,0.8702585843838616
8,64,0.9804897739504844,0.9182942708333334
8,64,0.9955265183828884,0.7316880031674806
8,64,0.9994353472614342,0.847457627118644
8,64,0.9907025387011137,0.8990086120568797
8,64,0.9907486396276265,0.8107836825322796
8,64,0.9751281980969095,0.9780810826441502
8,64,0.960424178617601,0.8412167599563655
8,64,0.9848543077941742,0.7605655175902274
8,64,0.9962995024367673,0.8373329793634108
8,64,0.9334297303387666,0.9631485849056604
8,64,0.9983404823383082,0.9164509354794617
8,64,0.9970575478001946,0.8760217738892981
8,64,0.9945975085256238,0.9210668311107686
8,64,0.972972972972973,0.9273544358733847
8,64,0.9902918198529412,0.8834134615384616
8,64,0.9785959778133189,0.8408342480790341
8,64,0.9968997291309838,0.8965724594107035
8,64,0.990467140445406,0.8841322593364502
8,64,0.9592326638582386,0.9217843097480058
8,64,0.9980087878200247,0.763220834440606
8,64,0.9870633038186406,0.8344370860927153
8,64,0.9990496664606072,0.9275934820667056
8,64,0.9984417203407439,0.9319159533377932
8,64,0.987346527214852,0.856049368065033
8,64,0.9704589330551218,0.7840432202981042
8,64,0.9825110622798832,0.888806797192464
8,64,0.9904014572969944,0.8020675519115943
8,64,0.9907173102286281,0.8144203195411717
8,64,0.9882078699920778,0.7879162203155408
8,64,0.9884567508460742,0.6686428967911849
8,64,0.9857573969109475,0.9140922556072789
8,64,0.9903776382622961,0.8417402900483414
8,64,0.987279027073368,0.781526558991996
8,64,0.9863939913734242,0.9534369839737709
8,64,0.9821689564454837,0.7953037057957273
8,64,0.9749482704172774,0.875187241939388
8,64,0.9933393751154831,0.890259902336625
8,64,0.991614440815606,0.8667816062376161
8,64,0.9862010986024109,0.8437981437643257
8,64,0.9957985466217069,0.8529731585875351
8,64,0.9432270251860071,0.5986340690883896
8,64,0.9796745678734305,0.8079170887555521
8,64,0.9574468085106382,0.814877910278251
8,64,0.9974039131260685,0.8282572022649701
8,64,0.9959544792967899,0.9626740947075209
8,64,0.9653532608695652,0.8361727416798732
8,64,0.9880923519429073,0.8137761902223171
8,64,0.976522285728437,0.8439801335845178
8,64,0.9977871909970285,0.8204203911635044
8,64,0.9639757581950201,0.9398428116900904
8,64,0.9642235992836989,0.9016400262936737
8,64,0.9869585193737261,0.812370593631241
8,128,0.9858503087072449,0.8771056231317457
8,128,0.9719015603809009,0.888854522464489
8,128,0.9914825927312547,0.8985173700357825
8,128,0.976354124533371,0.8549452653098203
8,128,0.9968551437018383,0.8304924695271051
8,128,0.9905554526737764,0.9063132357424232
8,128,0.9612412743133933,0.8404639118213408
8,128,0.9558052842969432,0.9604874414660997
8,128,0.9791438272194956,0.8627902383975172
8,128,0.9717061006103634,0.889662392485675
8,128,0.9952434177844014,0.8484765801725201
8,128,0.9586067810986552,0.8821664611538018
8,128,0.9453333911649373,0.9313486285324168
8,128,0.9856422196352348,0.9405439835721144
8,128,0.9551378501623139,0.890791983303542
8,128,0.9594910786084032,0.8438257068287937
8,128,0.9804593063784744,0.8810158360404833
8,128,0.9689973098668285,0.8719925746792283
8,128,0.9808205052397031,0.8841445727214713
8,128,0.9850134102922032,0.799826535735006
8,128,0.9484135804682179,0.9369383602127451
8,128,0.945463594216738,0.9385180282553788
8,128,0.9245485327313769,0.820249848171739
8,128,0.9751510787432436,0.8564458413116658
8,128,0.9758449375313096,0.8598913347388785
8,128,0.9634333486544595,0.9262957503606121
8,128,0.9741271167222131,0.8341698684993777
8,128,0.9579279462731223,0.9467219721655286
8,128,0.9631896359284108,0.9806383328905779
8,128,0.9152920977639228,0.7654305601920086
8,128,0.9688130319670597,0.8734997682573664
8,128,0.9742677936547396,0.9365549890514073
8,128,0.9579381922533974,0.9000382899477805
8,128,0.9321549627204844,0.8348657459462135
8,128,0.9906585240005853,0.8937261218240973
8,128,0.9845491759870224,0.9896254741754863
8,128,0.965833519891489,0.9126530975996565
8,128,0.9944481833066329,0.8785676755365324
8,128,0.9543397600700967,0.8239284839185774
8,128,0.9400854910400589,0.839963114884416
8,128,0.9827670080061446,0.9019508813763113
8,128,0.9873313575561491,0.8988869101126914
8,128,0.9850643918621057,0.9319021810884859
8,128,0.970478356463133,0.9629780127944965
8,128,0.9675559485533078,0.8626860919213708
8,128,0.962331316065277,0.8825030213508795
8,128,0.957500274713538,0.8813829227524814
8,128,0.9914309756993691,0.9395649484275777
8,128,0.9595310068185168,0.8943410123283508
8,128,0.9888102197416758,0.8716585470715112
8,128,0.9415291234501307,0.8932928039513613
8,128,0.9187106482746971,0.8348113747588962
8,128,0.9881138967680658,0.9770992572846293
8,128,0.9759215047238688,0.8789082157573622
8,128,0.9473692899676537,0.8898689534432478
8,128,0.9674118646470687,0.8539560395248497
8,128,0.9581423555052755,0.8785068159890732
8,128,0.9190586549979624,0.9216650076037319
8,128,0.974091541373176,0.9432136238993006
8,128,0.9834030277023478,0.8723587509229445
8,128,0.9306784833691263,0.8246844263487569
8,128,0.9176326099828659,0.8744319106812132
8,128,0.9464913749790654,0.9404358954235791
8,128,0.9699648342576017,0.9658414590647575
8,128,0.9802228506066499,0.8195089060004508
8,128,0.9986272322859377,0.8855834047854778
8,128,0.9519843688206686,0.8690875029243517
8,128,0.9819109978881736,0.8794540047913719
8,128,0.9586774248658724,0.8079244986089189
8,128,0.9568658513402193,0.7988124649300695
8,128,0.9590615648343861,0.8945239755947901
8,128,0.9813201852412652,0.8553004748486617
8,128,0.9897756408478954,0.9074419751672466
8,128,0.9598086819054379,0.8551100089912181
8,128,0.9620799242132878,0.7693433164649636
8,128,0.9853133274338826,0.9158447862811123
8,128,0.9538004119670055,0.8451742594095851
8,128,0.9884798333345474,0.9290510581818328
8,128,0.9721120022513016,0.9727102609581492
8,128,0.9731795450565487,0.8646432867221251
8,128,0.9861306045386877,0.9237168169592815
8,128,0.9635864244533885,0.8742031330087134
8,128,0.9810345040183708,0.924744340841958
8,128,0.9922937799975916,0.8722274874203201
8,128,0.9520153011984769,0.8843535806096557
8,128,0.9351309274059764,0.762932962459181
8,128,0.9672268380896683,0.8706514314207777
8,128,0.9769148998501729,0.9358988691192187
8,128,0.9773967668403526,0.8826693983736412
8,128,0.9971787516542685,0.9738589456527704
8,128,0.9782466411104105,0.9296018222468406
8,128,0.9694149888424609,0.9641908136150829
8,128,0.9655537003995479,0.9050911976410474
8,128,0.9853916015490415,0.9400983512491884
8,128,0.9421828209788412,0.9755313186354159
8,128,0.9957482744660779,0.9825176098352498
8,128,0.9853341529814701,0.9011516314779271
8,128,0.9679527765886836,0.8775150223421332
8,128,0.9741080793644578,0.9131429610491942
8,128,0.9768654372717837,0.8960598114205552
8,256,0.757137446376395,0.6729313383197817
8,256,0.9136667921228377,0.6771098832473081
8,256,0.8717093811261878,0.7621058058373967
8,256,0.8417215745443334,0.8975529746352218
8,256,0.9701867090478209,0.8195648029903072
8,256,0.8665727676879236,0.7308793325458396
8,256,0.7519503454250908,0.5031286153494479
8,256,0.9323103920264237,0.6403991888950336
8,256,0.9575486513073815,0.6060484987340287
8,256,0.8810159409375399,0.7459944158521792
8,256,0.9372160523297639,0.33916091954778016
8,256,0.8345017247683088,0.5660051001850307
8,256,0.8719257337957467,0.5127867562277297
8,256,0.9141562958304487,0.7769825134030331
8,256,0.9362262920591345,0.7031565160445318
8,256,0.9021050122644043,0.7404756867797796
8,256,0.9210992414031257,0.7801120677839618
8,256,0.8401966004981984,0.40061973237183424
8,256,0.793476812127601,0.5793678118995746
8,256,0.8819712677122877,0.8714227761074099
8,256,0.8420528278123112,0.6575751991898943
8,256,0.801216835761672,0.6158669218123392
8,256,0.9628052931583345,0.7911304907120447
8,256,0.8637537885992113,0.7986037425383481
8,256,0.9429449792979404,0.6981512231385436
8,256,0.9281274661487671,0.5878450447111383
8,256,0.9766669748717985,0.7360111820943132
8,256,0.8941749548827435,0.6973001607246658
8,256,0.8614527402206356,0.7341746316424859
8,256,0.9400553064705092,0.5510849419857922
8,256,0.9104496972384237,0.7582725516855306
8,256,0.8980974300348045,0.5526365736484873
8,256,0.7984782968328147,0.7466455209019811
8,256,0.9463799581125245,0.9060314255804678
8,256,0.8892115621315198,0.7733086967702609
8,256,0.935965835381634,0.7043342139816853
8,256,0.8582837695779746,0.6060463964154246
8,256,0.9013875357273134,0.841288879597085
8,256,0.9467881145207578,0.5137703101030464
8,256,0.9433149998333064,0.7544607739498751
8,256,0.9252480894045815,0.799132559684328
8,256,0.9515579172663534,0.6852499498391406
8,256,0.9286480682594448,0.711842295438653
8,256,0.9011385657218546,0.4691953883120422
8,256,0.9760784547947665,0.7052220699230765
8,256,0.8783962339654569,0.816226722007793
8,256,0.9928326083979852,0.6735664124157617
8,256,0.9639266579899896,0.7562059981748133
8,256,0.9797306883378021,0.5721828157391784
8,256,0.8761559212143664,0.7388633723757547
8,256,0.9377689296295029,0.562909531973989
8,256,0.9491940025048855,0.8112920323898953
8,256,0.9241766538129547,0.8856498031979335
8,256,0.9507389953473944,0.7924950208582958
8,256,0.9641268386725683,0.8668491676767711
8,256,0.9058459477649027,0.7235406893253913
8,256,0.8828067597354886,0.7927648244091121
8,256,0.9888263233187052,0.8197836307173707
8,256,0.8844754306245719,0.860221562278098
8,256,0.9511695601467758,0.6047069293171511
8,256,0.9495940013376635,0.6184091262721078
8,256,0.8546888269816452,0.6861372739280222
8,256,0.9009494639124932,0.5904073107219859
8,256,0.7962082969384299,0.7743614978110424
8,256,0.9593601260665093,0.5890304356589742
8,256,0.8487886290113076,0.7299984134530622
8,256,0.8661982080432608,0.6962974546407328
8,256,0.9118363905841209,0.672701538470341
8,256,0.805001330140995,0.9036160722831601
8,256,0.9506865673172575,0.6717902091714185
8,256,0.9067550978698258,0.6288716456689327
8,256,0.7678199256082398,0.6844160593502728
8,256,0.9319336564216163,0.6658216236768425
8,256,0.9605290064313818,0.517599446189893
8,256,0.8768104566042783,0.7566066202491187
8,256,0.9306451719682202,0.6983993181392589
8,256,0.973695233769061,0.7912028486512299
8,256,0.9112810478600077,0.5979821763985246
8,256,0.9696768141228074,0.5309917696915596
8,256,0.941164339384013,0.6904490019720464
8,256,0.8493689351176508,0.7590769104814323
8,256,0.9525619632131688,0.6973843428903596
8,256,0.9213947486384312,0.5264988784039837
8,256,0.8401529941660504,0.7535858932337323
8,256,0.9012743654890559,0.8978220946331709
8,256,0.8300943422902731,0.7804196697439039
8,256,0.9003955158440454,0.7575708516387604
8,256,0.8991826386159829,0.7232609190562482
8,256,0.8743717978323711,0.6951752454277819
8,256,0.8587837590719765,0.762583081139744
8,256,0.9457779255440344,0.7351999935835225
8,256,0.8937899817512343,0.8291179811051004
8,256,0.9005847457664263,0.5945792542498771
8,256,0.9094994654062668,0.7157557755715702
8,256,0.9005871564862988,0.8556792300860814
8,256,0.8799092467182189,0.7679887661542066
8,256,0.939945645702459,0.696914910961758
8,256,0.8890198981881288,0.8338660601526761
8,256,0.8797064154574711,0.7651027598121556
8,256,0.9593984271020723,0.7673318723790158
8,512,0.47034230961302814,0.2427067850799769
8,512,0.5367779844186467,0.3087093836909236
8,512,0.635362245798555,0.24569231164523564
8,512,0.36798334932948484,0.26370490873670827
8,512,0.29998837084889163,0.14534283125423142
8,512,0.40024304193820204,0.25844081448642875
8,512,0.582499667860999,0.28651710755680715
8,512,0.7179169909688303,0.29798247359621255
8,512,0.6530706115065439,0.2898242775911636
8,512,0.6149458539144715,0.26067254784021066
8,512,0.6964525230739629,0.24745644107115228
8,512,0.385839876840247,0.28267886442612533
8,512,0.5160598789326887,0.22436118253798465
8,512,0.39067885390320234,0.22992914677153253
8,512,0.6272658289216606,0.258409065042301
8,512,0.367914080217166,0.26344639699904615
8,512,0.4540328414613789,0.19442185115752597
8,512,0.30946569159111526,0.22064647301239315
8,512,0.5298695881891535,0.3068597180059658
8,512,0.4501436335976051,0.2915443349080652
8,512,0.4894344197060647,0.2509343048579036
8,512,0.29017394612620684,0.2396274398262993
8,512,0.30915075276927717,0.16642625060658944
8,512,0.8120561866161662,0.35411987417042545
8,512,0.39636376433452336,0.1821133436368867
8,512,0.3164272995759554,0.2768957419664546
8,512,0.6886628802023611,0.3359911799290918
8,512,0.5822514412271547,0.23317748398035798
8,512,0.39567256299574316,0.2529774056955105
8,512,0.38495367668901714,0.22429866690175393
8,512,0.33890607273070616,0.21225115983253906
8,512,0.5512280947228152,0.22740624205991733
8,512,0.28269321643070977,0.2880335747049385
8,512,0.5477513608077695,0.26524048301805814
8,512,0.7519107608081488,0.33281811148978246
8,512,0.4585429083982737,0.18477482349287566
8,512,0.7037474019158851,0.2741426048971407
8,512,0.3089231084485543,0.290800700697728
8,512,0.3642585259755372,0.2276945594860278
8,512,0.3914393787188234,0.1642898011413254
8,512,0.6474877512171562,0.3014409369127371
8,512,0.6919210721620632,0.2597137401113544
8,512,0.46458759856875564,0.29343030720708463
8,512,0.375570823980548,0.3909960313300991
8,512,0.6661023482733955,0.29939096831657275
8,512,0.2979618933160293,0.28067047317701765
8,512,0.5691406563620875,0.2546640801601373
8,512,0.45949762484640155,0.27154348651452165
8,512,0.6058355162557647,0.23206075709748142
8,512,0.5124583043197539,0.38187772051778357
8,512,0.5910382033273853,0.2521615630777877
8,512,0.4065781669950699,0.25710446557062494
8,512,0.38632259195013163,0.21593084860932132
8,512,0.6284473983656289,0.4092848397706518
8,512,0.42477589518408865,0.2731807090262308
8,512,0.3602368161341849,0.21775291856091072
8,512,0.3226445117103609,0.22092478856750786
8,512,0.28299169554606574,0.16667204703711624
8,512,0.5358471497510173,0.19354741983722767
8,512,0.6529027520506714,0.2796840509043871
8,512,0.6947225274732765,0.1628098556033083
8,512,0.3118919376182775,0.19607346389721247
8,512,0.48545502574941146,0.2623354922518776
8,512,0.2892089067251906,0.2914620156361496
8,512,0.5531067425610248,0.31520456832138577
8,512,0.5784139853738564,0.2748963012210204
8,512,0.6958768650584621,0.24660565709648175
8,512,0.5943305585098759,0.3459215475485047
8,512,0.5332110021663243,0.3370062071102068
8,512,0.604215286215411,0.22435980030322855
8,512,0.3662324324992182,0.291188782021211
8,512,0.5535676052838627,0.19634409152814392
8,512,0.39005320381544395,0.3064497666758714
8,512,0.49234335883633795,0.2491099271961118
8,512,0.72470856566175,0.18453997824906931
8,512,0.5276941926875314,0.25401260265535586
8,512,0.6542415976484108,0.3136507349070581
8,512,0.6724046060251082,0.22741650423339055
8,512,0.43064793714952987,0.2301658930993542
8,512,0.3696645684081794,0.339564302836602
8,512,0.44920245692453264,0.22273095111461827
8,512,0.6863048711605241,0.27532172369644936
8,512,0.3430627507174936,0.3412015143645941
8,512,0.7281234195532383,0.18296643302266358
8,512,0.3856452841353164,0.20736598692835118
8,512,0.8142069930490494,0.3460743824363933
8,512,0.5856303705905586,0.22718038183771638
8,512,0.669348588317889,0.30026773962458586
8,512,0.41783672693676654,0.280600234046661
8,512,0.31323631614783465,0.2001554735117399
8,512,0.6389330583791901,0.2589068283489233
8,512,0.5660998782742822,0.24917523447808654
8,512,0.7187653709525972,0.3060403447903641
8,512,0.5837254885839205,0.27210766316739177
8,512,0.34168445174714235,0.2613523186471307
8,512,0.6384806506543605,0.26282250241447835
8,512,0.42811259692779047,0.36050476979881074
8,512,0.5203173689188267,0.24906360989454857
8,512,0.7316207470672947,0.36887095281113036
8,512,0.5865482265172992,0.2465719487058885
8,1024,0.09753402780765741,0.054179179946440836
8,1024,0.11806133139013752,0.06471747383208726
8,1024,0.09404191542547113,0.0626370127257424
8,1024,0.12710822867012506,0.052964229205590074
8,1024,0.14711827503309838,0.057951469267610634
8,1024,0.1555695275884056,0.06750997978566398
8,1024,0.10331181606161532,0.059211682678524946
8,1024,0.17963804808755723,0.09169691874917074
8,1024,0.09573609721078713,0.0539327772649455
8,1024,0.09155660377091024,0.0684926400527267
8,1024,0.12503577881558714,0.06953506463228742
8,1024,0.09195192426471066,0.06453595443735138
8,1024,0.1600242474286797,0.05766133608586521
8,1024,0.08517831799612485,0.046197235346598364
8,1024,0.14382150152583717,0.0769078550090212
8,1024,0.11622660444881794,0.05782283276222033
8,1024,0.05719373372802128,0.06498907150736588
8,1024,0.08153154338645596,0.05295115274880058
8,1024,0.12341201193553686,0.06154545450761384
8,1024,0.10131132922893304,0.07347774525105066
8,1024,0.09054609095578015,0.04792661236210827
8,1024,0.14907758598626097,0.04662340139621368
8,1024,0.08641230780910536,0.08404552388938735
8,1024,0.09613814222094774,0.06037940070022185
8,1024,0.09242309923765302,0.05940449375290158
8,1024,0.10658313772203998,0.06500463287306046
8,1024,0.16198164145881555,0.045111488857153104
8,1024,0.08265330162649376,0.04851965629701227
8,1024,0.10427116418332472,0.05984356595039653
8,1024,0.13798232673582633,0.06435056282884843
8,1024,0.11648305886936439,0.05496713473807324
8,1024,0.13832447536921366,0.052405685926216194
8,1024,0.1470606061517048,0.05077286099486811
8,1024,0.1539192667915903,0.058308203541890924
8,1024,0.19637277195508784,0.07203309927615231
8,1024,0.0984060723846718,0.0709373835462297
8,1024,0.13885688995172651,0.05481702690199741
8,1024,0.07921828828266098,0.049756379992970556
8,1024,0.11467972268618565,0.059325141413746896
8,1024,0.12681438182217453,0.08579710392023177
8,1024,0.09435266918355723,0.0784993702213973
8,1024,0.10650257623139003,0.05075823687886627
8,1024,0.13641731432755355,0.04462307865611481
8,1024,0.07083661493084237,0.08304499057911052
8,1024,0.1114241085397798,0.09247726716677163
8,1024,0.14506158809310976,0.057286060598959576
8,1024,0.09388902958387713,0.0747719076423492
8,1024,0.12072258199377417,0.08048144905776577
8,1024,0.11627253430536921,0.05398941841992211
8,1024,0.07106241739013086,0.07914014656041923
8,1024,0.0975439895707313,0.055811479047831125
8,1024,0.13371744073668723,0.062001854330532624
8,1024,0.06845385290057837,0.07279260957508238
8,1024,0.17230285522111277,0.04723012154237871
8,1024,0.15655536622587607,0.09349011178842481
8,1024,0.10635669699668004,0.05304740253750795
8,1024,0.10124335925879113,0.07687741907713119
8,1024,0.14684547508922408,0.05920848134131351
8,1024,0.08551766590250032,0.043681748480619786
8,1024,0.11384177788172556,0.1261752813357946
8,1024,0.0757473024529316,0.06347137995333174
8,1024,0.11399888622116061,0.05851839959642069
8,1024,0.12959590587455616,0.07049194118730073
8,1024,0.12396107872854656,0.07162652864034458
8,1024,0.18272310077265597,0.054001888648805174
8,1024,0.11058600855184464,0.07424810735081744
8,1024,0.09748813200480855,0.04455266598899266
8,1024,0.10133252744758792,0.06302440848076518
8,1024,0.14162063655559853,0.07431109368576316
8,1024,0.13053612568809014,0.08255304737799352
8,1024,0.165618656917359,0.05584689202465676
8,1024,0.10336053681936674,0.0467448502749096
8,1024,0.13079294795654606,0.06826495422526069
8,1024,0.12225649198042898,0.06464691361757646
8,1024,0.12320353023930786,0.11391540908733877
8,1024,0.10861799796871885,0.06885831560676015
8,1024,0.16608419049701306,0.09232937382162154
8,1024,0.13445912550740924,0.06121617428269854
8,1024,0.10483907141736637,0.05305522302675858
8,1024,0.08711772111937566,0.06055403799770842
8,1024,0.08689324118133412,0.067062725123894
8,1024,0.1340306766450774,0.07964292658621741
8,1024,0.14419439907699272,0.06675601420997312
8,1024,0.11723246506729523,0.06348212352210592
8,1024,0.10913030751621788,0.059982397060300285
8,1024,0.0871812661037018,0.055907238454936836
8,1024,0.15900998339342964,0.07360510983618307
8,1024,0.1044415280368679,0.04414287031637065
8,1024,0.11387605776873255,0.06361738120841287
8,1024,0.09941293720425948,0.05113836221414092
8,1024,0.09161916597642394,0.06435675413690622
8,1024,0.06737627820980308,0.07217064410443519
8,1024,0.07369744960294511,0.05769726028895228
8,1024,0.12530063892571175,0.06744806809482407
8,1024,0.12714484443097807,0.04221457297404718
8,1024,0.15724520836638,0.0812751792958617
8,1024,0.09394670229272828,0.06166552794301161
8,1024,0.12175502637807922,0.06279791287581526
8,1024,0.158214994143706,0.04945957459517003
8,1024,0.0918394273180897,0.042420801347025305
8,2048,0.020217684795029944,0.008864735460186401
8,2048,0.011277085826395417,0.004483716612132649
8,2048,0.01136107690935162,0.0011567318113603342
8,2048,0.024185264344996904,0.005726121908079196
8,2048,0.023876055913550465,0.010175845277230589
8,2048,0.025797859802219714,0.006727163046971962
8,2048,0.016235253439066066,0.0078113418187228945
8,2048,0.09510933878086003,0.007885483103888258
8,2048,0.006534134539483261,0.004549861923183629
8,2048,0.05374659178363561,0.0021563765697574233
8,2048,0.019938036918860647,0.0046899570335896534
8,2048,0.012279115142749264,0.004500088688653814
8,2048,0.01674990670034393,0.003325487969147334
8,2048,0.007727399602453944,0.0032936781231138745
8,2048,0.01880529357945826,0.002177673509638711
8,2048,0.01351369217965781,0.006751882068380288
8,2048,0.011318791857030774,0.009000496646060951
8,2048,0.0697082415539585,0.007982927812343443
8,2048,0.05487618949663542,0.0056246959077641545
8,2048,0.014996106779909146,0.0066037310174379416
8,2048,0.01692367526825167,0.009016937772174827
8,2048,0.02309543871423303,0.0011625591011026337
8,2048,0.012623852062249363,0.009020303563619825
8,2048,0.013404055465382703,0.008904029768298294
8,2048,0.0205671816193026,0.002277758813478248
8,2048,0.012287265597764496,0.003339813402741809
8,2048,0.02529553114957439,0.00435920452859917
8,2048,0.05878811108659687,0.0032779840180701125
8,2048,0.01231144810097251,0.009897122419741944
8,2048,0.09466654687137255,0.008943809661322022
8,2048,0.07006049782685275,0.006790201190388423
8,2048,0.010336278020004586,0.0011360570047562746
8,2048,0.011072241808861016,0.0044979705478832566
8,2048,0.023896771821601548,0.0066492274472667035
8,2048,0.016719528123844474,0.0056758675987742535
8,2048,0.011048669610269513,0.004277332997330685
8,2048,0.0160801407738268,0.004489759458310094
8,2048,0.011445413575004504,0.0046377671054601555
8,2048,0.06631616431527199,0.005617239214314451
8,2048,0.00870465941503229,0.007718856832743981
8,2048,0.013316216051473484,0.006721198294881381
8,2048,0.015416676120664108,0.004447685557502523
8,2048,0.008430039528617317,0.0022038400327738517
8,2048,0.014031719457552438,0.007673480212764705
8,2048,0.014412524550614148,0.004595882820584207
8,2048,0.00889262204396235,0.00674395765662672
8,2048,0.010236843660149764,0.007780598772600289
8,2048,0.014394592872751244,0.00881071679555634
8,2048,0.02538227500328938,0.005577243029104451
8,2048,0.04383484307007246,0.005661536873360795
8,2048,0.015656955031013053,0.00448437672393609
8,2048,0.01951771405192615,0.0056125654790269985
8,2048,0.03332334248308444,0.0032588518589946602
8,2048,0.017016133105149378,0.004570720761697511
8,2048,0.08086592387502567,0.008181745781002281
8,2048,0.007809797572064681,0.0022303520093622797
8,2048,0.013373198066828684,0.004429965224400867
8,2048,0.036491098758406504,0.002226039471979857
8,2048,0.017419743937102328,0.0022640554281856407
8,2048,0.061884399386876066,0.0056577148002164845
8,2048,0.028135863010025575,0.009045677026251697
8,2048,0.014515001606833056,0.008930680232651644
8,2048,0.04218199892248886,0.004453797827420614
8,2048,0.011511833048538866,0.0032614300766921067
8,2048,0.029909502883359806,0.006497158313957807
8,2048,0.019457624300667442,0.008950587790547138
8,2048,0.01573886784495282,0.0022244369668891206
8,2048,0.032124791329295466,0.005624381661704869
8,2048,0.035387550791617484,0.003371813299052895
8,2048,0.01752661444786552,0.011345463184422422
8,2048,0.017999561091916028,0.005620604453672073
8,2048,0.01692022330867593,0
8,2048,0.05005718965692518,0.003440907123016701
8,2048,0.01552080073411266,0.005353011985873235
8,2048,0.028748787138870968,0.00227952795137365
8,2048,0.01699775992628727,0.006632384973238703
8,2048,0.012295652438768068,0.002211549899611809
8,2048,0.019103602635500483,0.007765331415528376
8,2048,0.09548638938423537,0.0011174136468399265
8,2048,0.06870019912169056,0
8,2048,0.011250771825590089,0.006683444597404664
8,2048,0.030607071992985402,0.009087319902248092
8,2048,0.029675618706994644,0.0031951286666832557
8,2048,0.016031811933550633,0.005470949778858869
8,2048,0.010266146548968513,0.0033332533885354065
8,2048,0.009155992628732013,0.006877430656243466
8,2048,0.028259314249424072,0.007710478700329593
8,2048,0.009791916094378239,0.0056432134894481845
8,2048,0.006807161903384262,0.003360763925844279
8,2048,0.01249009390581668,0.0022368199433507874
8,2048,0.012322396942607505,0.0022893429883650285
8,2048,0.021485178185314036,0.0033142375875558905
8,2048,0.01636534334456996,0.008058480513630228
8,2048,0.06959209481163242,0.005440270719810791
8,2048,0.03549903628247841,0.01132507667893956
8,2048,0.01762696539808528,0.008059869593087576
8,2048,0.011094105039181401,0.008896959514663738
8,2048,0.038806697085962405,0.001099119178366137
8,2048,0.04625658648619935,0.0033639013136171902
8,2048,0.021772281592641662,0.006652638145711598
